City_ID,City,Country,Lat,Lng,Max Temp,Humidity,Cloudiness,Wind Speed,Current Description
0,Mataura,NZ,-46.1927,168.8643,55.0,84,88,5.99,Clouds
1,Jalalabad,AF,34.4265,70.4515,70.61,29,0,3.31,Clear
2,Busselton,AU,-33.65,115.3333,52.0,85,40,7.47,Clouds
3,Athabasca,CA,54.7169,-113.2854,41.0,56,94,11.5,Clouds
4,Sumenep,ID,-7.0167,113.8667,77.58,81,89,4.94,Clouds
5,Sabha,LY,27.0377,14.4283,85.93,20,98,14.05,Clouds
6,Chitungwiza,ZW,-18.0127,31.0756,64.0,68,68,5.01,Clouds
7,Bluff,NZ,-46.6,168.3333,55.0,84,77,5.99,Clouds
8,Saskylakh,RU,71.9167,114.0833,2.77,93,99,8.86,Clouds
9,Teya,RU,60.3778,92.6267,14.92,97,100,2.13,Clouds
10,Bengkulu,ID,-3.8004,102.2655,74.35,91,82,4.63,Clouds
11,Nome,US,64.5011,-165.4064,35.6,64,1,11.5,Clear
12,Tuktoyaktuk,CA,69.4541,-133.0374,21.2,93,20,11.5,Clouds
13,Hobart,AU,-42.8794,147.3294,55.4,58,82,13.8,Clouds
14,Mar Del Plata,AR,-38.0023,-57.5575,75.2,64,75,13.8,Clouds
15,Himatangi,NZ,-40.4,175.3167,55.0,86,69,1.99,Clouds
16,Lasa,IT,46.6166,10.7002,59.0,45,20,6.91,Clouds
17,Sheboygan,US,43.7333,-87.9334,55.99,47,20,1.81,Clouds
18,Port Lincoln,AU,-34.7333,135.8667,58.03,79,20,7.7,Clouds
19,Ushuaia,AR,-54.8,-68.3,55.4,54,40,18.41,Clouds
20,Kieta,PG,-6.2167,155.6333,78.82,79,61,3.11,Clouds
21,Yar-Sale,RU,66.8333,70.8333,-7.11,99,59,8.41,Clouds
22,La Romana,DO,18.4273,-68.9728,86.0,66,40,16.11,Clouds
23,Ilebo,CD,-4.3167,20.5833,78.01,81,98,1.74,Clouds
24,Buala,SB,-8.145,159.5921,79.68,83,69,4.34,Rain
25,College,US,64.8569,-147.8028,41.0,48,40,4.61,Clouds
26,Hilo,US,19.7297,-155.09,70.0,68,1,4.61,Clear
27,Khatanga,RU,71.9667,102.5,-2.22,95,100,7.65,Clouds
28,Husavik,IS,66.0449,-17.3389,44.6,42,75,17.27,Clouds
29,Turukhansk,RU,65.8167,87.9833,15.35,80,100,14.7,Clouds
30,Airai,TL,-8.9266,125.4092,56.59,77,83,2.35,Clouds
31,Cape Town,ZA,-33.9258,18.4232,72.0,73,0,14.97,Clear
32,New Norfolk,AU,-42.7826,147.0587,55.0,75,100,1.01,Clouds
33,Rockhampton,AU,-23.3833,150.5,66.2,82,0,3.44,Clear
34,Amasya,TR,40.6667,35.8333,66.2,52,75,11.5,Rain
35,Fairbanks,US,64.8378,-147.7164,41.0,52,1,6.91,Clear
36,Baoro,CF,5.6667,15.9667,73.15,83,95,2.57,Rain
37,Cidreira,BR,-30.1811,-50.2056,73.08,77,13,13.44,Clouds
38,Nkayi,CG,-4.1841,13.2884,76.6,93,100,3.8,Rain
39,Pacific Grove,US,36.6177,-121.9166,60.01,67,1,4.61,Clear
40,Bembereke,BJ,10.2283,2.6634,86.68,44,100,9.4,Clouds
41,Torbay,CA,47.6666,-52.7314,37.99,100,90,25.32,Rain
42,Hithadhoo,MV,-0.6,73.0833,83.37,62,8,7.0,Clear
43,Zabid,YE,14.1951,43.3152,82.76,51,43,6.04,Clouds
44,Qaqortoq,GL,60.7167,-46.0333,32.0,27,37,8.05,Clouds
45,Bredasdorp,ZA,-34.5322,20.0403,73.4,33,15,13.8,Clouds
46,San Cristobal,VE,7.7669,-72.225,95.0,31,40,16.11,Clouds
47,Rincon,US,32.296,-81.2354,77.0,56,75,8.05,Clouds
48,Rikitea,PF,-23.1203,-134.9692,76.96,74,2,7.18,Clear
49,Punta Arenas,CL,-53.15,-70.9167,48.2,81,0,6.91,Clear
50,Carnarvon,AU,-24.8667,113.6333,75.69,71,0,18.95,Clear
51,Nouadhibou,MR,20.931,-17.0347,77.0,53,52,20.71,Sand
52,Hermanus,ZA,-34.4187,19.2345,66.0,69,13,5.14,Clouds
53,Vila Franca Do Campo,PT,37.7167,-25.4333,64.4,82,40,13.8,Clouds
54,Sitka,US,57.0531,-135.33,51.8,58,1,4.61,Clear
55,Albany,US,42.6001,-73.9662,55.99,62,75,6.91,Clouds
56,Homer,US,59.6425,-151.5483,48.2,57,1,2.64,Clear
57,Cap-Aux-Meules,CA,47.3821,-61.8597,37.4,100,100,17.27,Clouds
58,Severo-Kurilsk,RU,50.6789,156.125,34.3,89,100,24.43,Clouds
59,Luderitz,NA,-26.6481,15.1594,77.34,45,26,8.21,Clouds
60,Manuk Mangkaw,PH,4.8,119.85,81.75,74,99,11.72,Clouds
61,Puerto Ayora,EC,-0.7393,-90.3518,80.6,78,40,9.22,Rain
62,Tabory,RU,58.5198,64.5495,23.97,53,6,6.11,Clear
63,Umm Lajj,SA,25.0213,37.2685,80.15,65,0,8.57,Clear
64,Hamilton,US,39.1834,-84.5333,62.01,33,1,4.61,Clear
65,Jaque,PA,7.5175,-78.1703,84.11,67,99,6.46,Clouds
66,Port Alfred,ZA,-33.5906,26.891,73.63,55,0,5.39,Clear
67,Yazykovo,RU,55.2199,56.1353,37.83,54,42,17.0,Clouds
68,Urumqi,CN,43.801,87.6005,60.8,36,0,6.71,Clear
69,Gualaquiza,EC,-3.4,-78.55,74.17,78,60,3.09,Rain
70,Cherskiy,RU,68.75,161.3,23.16,96,100,9.33,Snow
71,Fuyu,CN,45.1833,124.8167,47.79,36,4,7.31,Clear
72,Inhambane,MZ,-23.865,35.3833,71.01,73,20,6.38,Clouds
73,Alenquer,BR,-1.9417,-54.7383,78.8,89,75,4.61,Clouds
74,Tigil,RU,57.8,158.6667,20.86,93,96,3.96,Clouds
75,Arraial Do Cabo,BR,-22.9661,-42.0278,80.6,78,0,9.22,Clear
76,Gravdal,NO,68.1214,13.5031,48.2,57,0,8.05,Clear
77,Pevek,RU,69.7008,170.3133,19.09,82,86,20.67,Clouds
78,Makokou,GA,0.5738,12.8642,72.18,95,100,1.74,Rain
79,Le Francois,MQ,14.6156,-60.9031,87.8,58,75,19.57,Clouds
80,Rawlins,US,41.7911,-107.2387,46.0,39,1,14.97,Clear
81,Kruisfontein,ZA,-34.0033,24.7314,69.01,45,0,1.01,Clear
82,Coracora,PE,-15.0333,-73.7833,63.61,39,5,9.19,Clear
83,Liverpool,GB,53.4106,-2.9779,60.8,41,20,3.44,Clouds
84,Ostrovnoy,RU,68.0531,39.5131,33.51,87,81,14.27,Clouds
85,Magdeburg,DE,52.1667,11.6667,50.0,87,100,3.0,Clouds
86,Bonthe,SL,7.5264,-12.505,83.86,69,74,10.58,Clouds
87,Puebloviejo,CO,10.9938,-74.2844,91.4,58,75,5.75,Clouds
88,Atuona,PF,-9.8,-139.0333,81.39,70,90,16.84,Clouds
89,Mayo,US,38.8876,-76.5119,64.0,67,1,12.66,Clear
90,Port-Gentil,GA,-0.7193,8.7815,82.4,83,20,6.91,Clouds
91,Mehamn,NO,71.0357,27.8492,39.2,70,0,17.27,Clear
92,Boffa,GN,10.1667,-14.0333,83.07,63,87,11.3,Clouds
93,Yellowknife,CA,62.456,-114.3525,35.6,64,20,8.05,Clouds
94,Hornepayne,CA,49.2138,-84.7705,49.96,37,77,6.04,Clouds
95,Ukiah,US,39.1502,-123.2078,71.01,36,1,3.44,Clear
96,Constitucion,CL,-35.3333,-72.4167,65.23,58,43,6.38,Clouds
97,Meulaboh,ID,4.1363,96.1285,77.52,85,86,1.5,Clouds
98,Ancud,CL,-41.8697,-73.8203,55.4,88,90,11.5,Rain
99,Kapaa,US,22.0752,-159.319,71.6,73,90,8.05,Clouds
100,Kavieng,PG,-2.5744,150.7967,81.73,77,93,9.04,Rain
101,Saldanha,ZA,-33.0117,17.9442,69.8,60,5,6.91,Clear
102,Los Llanos De Aridane,ES,28.6585,-17.9182,69.8,64,20,14.97,Clouds
103,Maniitsoq,GL,65.4167,-52.9,19.74,57,90,13.15,Clouds
104,Ilulissat,GL,69.2167,-51.1,10.4,48,94,9.22,Clouds
105,Gurupa,BR,-1.405,-51.64,71.29,98,100,3.11,Clouds
106,Butaritari,KI,3.0707,172.7902,82.54,77,75,12.55,Clouds
107,Mahon,ES,39.8885,4.2658,57.2,44,0,12.66,Clear
108,Mukhen,RU,48.1,136.1,38.21,92,82,4.7,Clouds
109,Jinchang,CN,38.4953,102.1739,55.17,24,100,6.44,Clouds
110,Upernavik,GL,72.7868,-56.1549,11.97,75,100,3.58,Clouds
111,Nikolskoye,RU,59.7035,30.7861,53.6,32,0,13.42,Clear
112,Fuxin,CN,42.0156,121.6589,60.66,16,50,11.45,Clouds
113,Saint-Philippe,RE,-21.3585,55.7679,75.2,78,90,12.66,Clouds
114,Broome,US,42.2506,-75.833,55.4,44,20,9.22,Clouds
115,Buin,CL,-33.7333,-70.75,73.0,63,23,6.42,Haze
116,Clyde River,CA,70.4692,-68.5914,6.8,85,90,10.36,Mist
117,Hambantota,LK,6.1241,81.1185,80.94,78,54,11.61,Clouds
118,Kenai,US,60.5544,-151.2583,39.2,60,1,10.36,Clear
119,Korem,ET,12.5058,39.5228,60.85,40,53,4.21,Clouds
120,Manavalakurichi,IN,8.1333,77.3,82.4,83,75,3.44,Mist
121,Kiboga,UG,0.9161,31.7742,63.72,93,99,3.13,Rain
122,Itarema,BR,-2.9248,-39.9167,82.83,71,96,11.56,Clouds
123,East London,ZA,-33.0153,27.9116,73.4,53,0,5.75,Clear
124,Sibolga,ID,1.7427,98.7792,76.55,88,60,2.08,Rain
125,Auburn,US,47.3073,-122.2284,68.0,42,20,2.93,Clouds
126,Guajara,BR,-2.9667,-57.6667,75.31,97,91,5.48,Rain
127,Tynda,RU,55.1667,124.7167,18.79,77,100,11.65,Clouds
128,Westerland,DE,54.9079,8.3033,57.99,66,0,5.75,Clear
129,Portland,US,45.5234,-122.6762,68.0,36,27,1.01,Clouds
130,Leningradskiy,RU,69.3833,178.4167,17.53,81,5,8.61,Clear
131,Leh,IN,34.1667,77.5833,35.19,59,90,4.12,Snow
132,Sobolevo,RU,54.4299,31.8996,43.38,84,94,9.82,Clouds
133,Betsiamites,CA,48.9413,-68.646,39.2,70,90,11.5,Clouds
134,Boyolangu,ID,-8.1181,111.8935,73.69,90,61,0.45,Clouds
135,Sur,OM,22.5667,59.5289,82.24,62,100,5.14,Clouds
136,Harboore,DK,56.6175,8.1807,59.0,67,12,5.99,Clouds
137,Ocos,GT,14.5094,-92.1933,91.4,52,40,8.05,Clouds
138,Padang,ID,-0.9492,100.3543,76.62,87,71,3.89,Rain
139,Saint-Pierre,RE,-21.3393,55.4781,75.2,78,90,12.66,Clouds
140,Belomorsk,RU,64.5232,34.7668,33.82,69,1,4.38,Clear
141,Vaini,TO,-21.2,-175.2,68.0,94,20,10.87,Clouds
142,Yeadon,GB,53.8644,-1.6874,57.0,38,89,5.82,Clouds
143,Nelson Bay,AU,-32.7167,152.15,54.0,100,7,2.3,Clear
144,Hualmay,PE,-11.0964,-77.6139,72.72,74,61,8.81,Clouds
145,Sezana,SI,45.7092,13.8733,54.0,50,75,6.91,Clouds
146,Qaanaaq,GL,77.484,-69.3632,5.68,70,100,7.74,Clouds
147,Ahipara,NZ,-35.1667,173.1667,54.07,82,48,3.24,Clouds
148,Dikson,RU,73.5069,80.5464,-7.31,100,99,2.95,Clouds
149,San Patricio,US,28.017,-97.5169,60.8,59,90,11.5,Clouds
150,Marathon,US,44.9,-89.7668,59.0,24,90,4.61,Clouds
151,Kahului,US,20.8947,-156.47,69.8,100,75,9.22,Rain
152,Toropets,RU,56.4978,31.6353,46.51,64,8,7.18,Clear
153,Castro,BR,-24.7911,-50.0119,70.0,62,94,5.35,Clouds
154,Sao Filipe,CV,14.8961,-24.4956,73.17,73,1,12.41,Clear
155,Iisalmi,FI,63.5592,27.1907,50.0,32,0,3.44,Clear
156,Lebu,CL,-37.6167,-73.65,62.22,68,82,12.03,Clouds
157,Doha,QA,25.2867,51.5333,82.99,61,0,6.91,Clear
158,Provideniya,RU,64.3833,-173.3,27.82,90,100,2.84,Clouds
159,Faanui,PF,-16.4833,-151.75,82.36,73,9,12.01,Clear
160,Hasaki,JP,35.7333,140.8333,53.6,37,75,11.5,Clouds
161,Chokurdakh,RU,70.6333,147.9167,9.84,91,100,18.32,Clouds
162,Havoysund,NO,70.9963,24.6622,41.0,70,0,9.22,Clear
163,Georgetown,MY,5.4112,100.3354,84.2,79,40,1.14,Clouds
164,Pitimbu,BR,-7.4706,-34.8086,80.6,89,75,4.61,Clouds
165,Jamestown,US,42.097,-79.2353,54.0,50,75,9.22,Clouds
166,Saint-Louis,SN,16.3333,-15.0,102.51,9,13,10.8,Clouds
167,Bowen,AU,-20.0167,148.2333,71.6,88,75,9.22,Clouds
168,Betafo,MG,-19.8333,46.85,57.13,93,98,5.37,Clouds
169,Veraval,IN,20.9,70.3667,81.01,75,1,12.26,Clear
170,Koumac,NC,-20.5667,164.2833,74.44,79,28,2.8,Clouds
171,Uvira,CD,-3.4067,29.1458,73.81,85,92,2.8,Rain
172,Tual,ID,-5.6667,132.75,81.32,76,100,8.66,Clouds
173,Chuy,UY,-33.6971,-53.4616,72.72,61,10,10.29,Clear
174,Riyadh,SA,24.6877,46.7219,91.4,10,20,8.05,Clouds
175,Korla,CN,41.7597,86.1469,65.05,20,99,9.8,Clouds
176,Victoria,HK,22.2855,114.1577,73.0,78,100,3.0,Clouds
177,Floro,NO,61.5996,5.0328,51.8,46,1,3.44,Clear
178,Bambous Virieux,MU,-20.3428,57.7575,77.0,100,75,10.36,Rain
179,Henties Bay,NA,-22.116,14.2845,85.24,33,96,13.51,Clouds
180,Lagoa,PT,39.05,-27.9833,60.94,87,76,11.61,Clouds
181,Poso,ID,-1.3959,120.7524,79.0,75,100,3.96,Clouds
182,Ulagan,RU,50.6321,87.9563,33.44,65,1,5.23,Clear
183,Mildura,AU,-34.2,142.15,48.2,76,90,6.93,Clouds
184,Yueyang,CN,29.3333,113.0919,56.55,94,100,3.49,Clouds
185,Iqaluit,CA,63.7506,-68.5145,19.4,68,40,3.44,Clouds
186,Coquimbo,CL,-29.9533,-71.3436,59.0,82,75,8.05,Clouds
187,Talnakh,RU,69.4865,88.3972,-17.23,89,45,1.68,Clouds
188,Natal,BR,-5.795,-35.2094,84.2,74,75,12.66,Clouds
189,Miyako,JP,39.6367,141.9525,48.07,77,100,12.88,Clouds
190,Esperance,AU,-33.8667,121.9,55.4,82,0,11.5,Clear
191,Deputatskiy,RU,69.3,139.9,-2.92,96,99,7.05,Clouds
192,Pemba,MZ,-12.974,40.5178,80.01,78,40,17.27,Clouds
193,Tasiilaq,GL,65.6145,-37.6368,24.8,58,75,10.36,Clouds
194,Poum,NC,-20.2333,164.0167,76.96,76,56,6.44,Clouds
195,Lima,PE,-12.0432,-77.0282,71.6,73,0,4.61,Clear
196,Kataysk,RU,56.289,62.5841,29.71,41,21,11.43,Clouds
197,Nanortalik,GL,60.1432,-45.2371,27.91,48,11,13.71,Clouds
198,Laguna,US,38.421,-121.4238,73.0,19,1,6.91,Clear
199,Isangel,VU,-19.55,169.2667,77.58,86,30,8.08,Rain
200,Miri,MY,4.4148,114.0089,75.2,88,20,4.61,Clouds
201,Longyearbyen,SJ,78.2186,15.6401,30.2,74,75,6.91,Clouds
202,Acari,PE,-15.4311,-74.6158,81.95,54,16,10.76,Clouds
203,Kalmunai,LK,7.4167,81.8167,80.33,79,97,5.73,Clouds
204,Narsaq,GL,60.9167,-46.05,32.0,27,40,8.05,Clouds
205,Ossora,RU,59.2353,163.0719,26.73,90,100,3.76,Clouds
206,Strezhevoy,RU,60.7333,77.5889,10.4,61,0,8.95,Clear
207,Ribeira Grande,PT,38.5167,-28.7,66.2,82,20,11.5,Clouds
208,Kwinana,AU,-32.25,115.7667,61.0,82,0,8.05,Clear
209,Guerrero Negro,MX,27.9769,-114.0611,66.18,60,3,12.1,Clear
210,Tiksi,RU,71.6872,128.8694,6.44,88,100,12.66,Clouds
211,Nishihara,JP,26.1842,127.7558,64.4,67,20,9.22,Clouds
212,San Vicente,AR,-26.6167,-54.1333,81.43,35,1,4.32,Rain
213,Port Hedland,AU,-20.3167,118.5667,71.6,73,2,5.75,Clear
214,Namibe,AO,-15.1961,12.1522,80.31,73,17,9.46,Clouds
215,Ponta Do Sol,PT,32.6667,-17.1,64.99,65,27,5.01,Clouds
216,Sargur,IN,11.9833,76.4167,73.72,78,100,7.61,Rain
217,Saint Anthony,US,45.0205,-93.218,60.01,38,1,5.75,Clear
218,Oistins,BB,13.0667,-59.5333,86.0,54,40,23.02,Clouds
219,Cayenne,GF,4.9333,-52.3333,84.2,70,75,13.8,Clouds
220,Berlevag,NO,70.8578,29.0864,39.2,70,20,12.66,Clouds
221,Jalu,LY,29.0331,21.5482,93.63,10,100,13.56,Clouds
222,Delcevo,MK,41.9672,22.7694,46.44,92,66,3.74,Clouds
223,Tucuman,AR,-26.8241,-65.2226,82.4,61,75,6.91,Clouds
224,Evensk,RU,61.95,159.2333,28.31,97,100,0.98,Snow
225,Mogadishu,SO,2.0371,45.3438,83.5,72,89,12.62,Clouds
226,Ulverstone,AU,-41.15,146.1667,52.0,91,90,1.99,Clouds
227,Coihaique,CL,-45.5752,-72.0662,51.8,93,90,3.44,Rain
228,Pilar,BR,-9.5972,-35.9567,78.8,89,75,13.8,Clouds
229,Russell,US,32.3502,-85.1999,73.0,40,1,4.61,Clear
230,Quesnel,CA,52.9999,-122.5029,51.8,46,1,17.27,Clear
231,Meadow Lake,US,34.8014,-106.5436,48.99,46,90,12.66,Clouds
232,Puerto Colombia,CO,10.9878,-74.9547,86.0,74,75,12.66,Clouds
233,Mackay,AU,-21.15,149.2,71.01,94,40,8.05,Clouds
234,Ndende,GA,-2.4008,11.3581,77.02,87,98,2.89,Clouds
235,Atambua,ID,-9.1061,124.8925,71.1,84,74,4.81,Clouds
236,Portobelo,PA,9.55,-79.65,86.0,81,86,37.0,Clouds
237,Olafsvik,IS,64.8945,-23.7142,36.86,79,68,34.72,Clouds
238,Geraldton,AU,-28.7667,114.6,64.4,59,75,10.36,Clouds
239,Robe,AU,-37.1833,139.75,61.0,75,61,13.15,Clouds
240,Pauini,BR,-7.7136,-66.9764,80.24,91,87,3.62,Clouds
241,Acarau,BR,-2.8856,-40.12,82.94,71,99,12.19,Clouds
242,Wahpeton,US,46.2652,-96.6059,57.2,44,1,23.02,Clear
243,Merauke,ID,-8.4667,140.3333,76.3,92,97,7.52,Rain
244,Obidos,BR,-1.9175,-55.5181,73.38,98,100,0.36,Rain
245,Avarua,CK,-21.2078,-159.775,77.0,88,40,5.75,Rain
246,Bethel,US,41.3712,-73.414,60.8,39,20,6.91,Clouds
247,Trojes,AL,41.756,19.962,55.4,67,0,5.75,Clear
248,Santa Rosa,PH,14.3122,121.1114,84.2,65,75,6.91,Clouds
249,Stokmarknes,NO,68.5646,14.9108,48.2,53,0,4.61,Clear
250,Kardymovo,RU,54.8902,32.4311,44.83,83,98,5.95,Clouds
251,Santa Isabel Do Rio Negro,BR,-0.4139,-65.0192,80.62,81,100,2.26,Clouds
252,Pangai,TO,-19.8,-174.35,77.0,73,20,4.61,Clouds
253,Yeniseysk,RU,58.4497,92.1703,32.47,93,100,7.74,Snow
254,Bathsheba,BB,13.2167,-59.5167,86.0,54,40,23.02,Clouds
255,Inta,RU,66.0317,60.1659,7.21,93,58,2.08,Clouds
256,Tweed,CA,44.4751,-77.3162,55.4,67,40,12.66,Clouds
257,Kutum,SD,14.2,24.6667,80.8,6,3,7.87,Clear
258,Salinopolis,BR,-0.6136,-47.3561,77.99,88,100,5.1,Rain
259,Cascais,PT,38.6979,-9.4215,69.8,48,0,8.05,Clear
260,Totness,SR,5.8833,-56.3167,83.32,63,93,13.13,Clouds
261,Praia Da Vitoria,PT,38.7333,-27.0667,69.8,60,40,9.26,Clouds
262,Harper,LR,4.375,-7.7169,82.85,75,84,9.26,Clouds
263,Glens Falls,US,43.3095,-73.644,53.6,58,90,6.91,Clouds
264,Porto Novo,BJ,6.4965,2.6036,75.2,88,40,5.75,Clouds
265,Codrington,AU,-38.2667,141.9667,50.86,94,54,8.55,Clouds
266,Yumen,CN,40.2833,97.2,52.56,28,96,8.52,Clouds
267,Adrar,MR,20.5022,-10.0711,91.71,7,0,8.93,Clear
268,Sidi Ali,DZ,36.0998,0.4206,56.71,56,0,6.67,Clear
269,Norman Wells,CA,65.282,-126.8329,33.8,69,20,3.44,Clouds
270,Grimshaw,CA,56.1834,-117.6027,41.0,45,40,19.57,Clouds
271,Mahebourg,MU,-20.4081,57.7,75.2,100,75,10.36,Rain
272,Chirongui,YT,-12.9319,45.1483,80.6,83,0,9.35,Rain
273,Santa Maria Del Oro,MX,25.9333,-105.3667,71.64,16,0,4.0,Clear
274,Grindavik,IS,63.8424,-22.4338,37.4,87,75,32.21,Clouds
275,Xining,CN,36.6167,101.7667,48.54,51,89,12.44,Clouds
276,Yarmouth,US,41.7057,-70.2286,55.4,47,40,5.75,Clouds
277,Thompson,CA,55.7435,-97.8558,23.0,46,1,14.97,Clear
278,Pedernales,DO,18.0384,-71.744,88.75,47,49,7.23,Clouds
279,Port Elizabeth,ZA,-33.918,25.5701,66.2,63,0,3.44,Clear
280,Dukat,RU,62.55,155.55,11.1,89,33,2.75,Clouds
281,Sioux Lookout,CA,50.1001,-91.917,32.0,93,90,12.66,Snow
282,Kang,BW,-23.6752,22.7876,67.06,34,76,6.46,Clouds
283,Price,US,39.5994,-110.8107,51.8,20,1,6.91,Clear
284,Nizhniy Baskunchak,RU,48.2198,46.8311,56.62,54,97,4.65,Clouds
285,Urbandale,US,41.6267,-93.7122,60.01,33,40,5.75,Clouds
286,Ranong,TH,9.9658,98.6348,79.45,84,98,6.13,Clouds
287,Betera,ES,39.5833,-0.45,62.01,44,0,6.91,Clear
288,Roald,NO,62.5833,6.1333,51.8,54,0,4.61,Clear
289,Lompoc,US,34.6391,-120.4579,72.0,52,0,3.44,Clear
290,Sabang,ID,5.8933,95.3214,83.7,73,52,15.64,Clouds
291,Saint George,US,37.1041,-113.5841,64.99,21,1,4.61,Clear
292,Galle,LK,6.0367,80.217,81.54,77,86,5.84,Clouds
293,Taltal,CL,-25.4,-70.4833,68.61,70,10,6.71,Clear
294,Am Timan,TD,11.0297,20.2827,94.5,13,67,3.83,Clouds
295,Adelaide,AU,-34.9333,138.6,57.0,88,40,6.91,Clouds
296,Chapaevsk,RU,52.9813,49.7112,51.8,32,0,6.71,Clear
297,Chicama,PE,-7.8447,-79.1469,66.2,88,64,11.5,Fog
298,Honiara,SB,-9.4333,159.95,77.07,88,77,3.6,Clouds
299,Samarai,PG,-10.6167,150.6667,82.51,78,97,10.31,Clouds
300,Ibia,BR,-19.4783,-46.5389,73.4,73,75,5.75,Clouds
301,Marica,BR,-22.9194,-42.8186,82.99,69,75,17.27,Rain
302,Souillac,MU,-20.5167,57.5167,75.2,100,75,10.36,Rain
303,Belaya Gora,RU,68.5333,146.4167,1.2,99,91,0.83,Clouds
304,Tura,IN,25.5198,90.2201,70.84,66,50,5.57,Clouds
305,Rock Springs,US,41.5875,-109.2029,44.6,33,1,8.05,Clear
306,Dehloran,IR,32.6941,47.2679,87.42,16,39,7.85,Clouds
307,Comodoro Rivadavia,AR,-45.8667,-67.5,71.6,33,0,13.8,Clear
308,Biltine,TD,14.5333,20.9167,92.16,6,8,9.28,Clear
309,Faya,SA,18.3851,42.4509,69.8,56,20,5.75,Clouds
310,Barrow,US,71.2906,-156.7887,17.6,79,1,10.36,Clear
311,Tecoanapa,MX,16.5167,-98.75,83.46,55,0,9.82,Clear
312,Dillon,US,34.4166,-79.3712,77.0,38,40,8.05,Clouds
313,Tingo Maria,PE,-9.2895,-76.0088,85.89,59,97,2.8,Clouds
314,San Angelo,US,31.4638,-100.437,61.0,44,40,9.22,Clouds
315,Ahuimanu,US,21.4447,-157.8378,73.4,68,1,10.36,Clear
316,Garissa,KE,-0.4536,39.6401,83.53,63,98,19.57,Clouds
317,Kapit,MY,2.0167,112.9333,69.91,99,96,1.1,Clouds
318,Santo Antonio Do Ica,BR,-3.1022,-67.9397,72.72,98,99,4.47,Clouds
319,Monrovia,LR,6.3005,-10.7969,87.8,70,40,9.22,Rain
320,Moindou,NC,-21.6924,165.677,68.0,94,75,2.3,Clouds
321,Redmond,US,47.674,-122.1215,66.99,37,69,1.95,Clouds
322,Primero De Marzo,PY,-25.153,-56.928,86.0,51,20,5.75,Clouds
323,Pisco,PE,-13.7,-76.2167,71.6,73,0,6.91,Clear
324,Shimoda,JP,34.6667,138.95,46.99,64,0,5.01,Clear
325,Wasilla,US,61.5814,-149.4394,51.01,37,1,4.61,Clear
326,Legionowo,PL,52.4015,20.9266,57.0,76,0,3.44,Clear
327,Uzhur,RU,55.3036,89.8339,35.49,71,100,13.85,Clouds
328,Ugoofaaru,MV,5.6667,73.0,84.29,72,40,9.35,Clouds
329,Atar,MR,20.5169,-13.0499,95.45,7,1,10.6,Clear
330,Kodiak,US,57.79,-152.4072,42.8,81,90,9.22,Rain
331,Miranda,CO,3.2499,-76.2281,86.0,54,75,4.61,Clouds
332,Ormara,PK,25.2088,64.6357,81.18,72,40,16.22,Clouds
333,Berwick,US,41.0545,-76.2333,57.0,51,86,1.01,Clouds
334,Kavaratti,IN,10.5669,72.642,84.54,67,65,4.43,Clouds
335,Tautira,PF,-17.7333,-149.15,80.6,74,20,7.96,Clouds
336,Sao Joao Da Barra,BR,-21.6403,-41.0511,86.0,51,40,3.44,Clouds
337,Dingle,PH,10.9995,122.6711,77.11,74,100,3.18,Clouds
338,Zaraza,VE,9.3503,-65.3245,98.38,22,94,10.76,Clouds
339,Half Moon Bay,US,37.4636,-122.4286,70.0,72,1,4.61,Clear
340,Bocas Del Toro,PA,9.3333,-82.25,71.01,71,53,7.99,Clouds
341,Neiafu,TO,-18.65,-173.9833,71.6,94,75,11.05,Clouds
342,Santa Fe,AR,-31.6333,-60.7,86.0,53,63,7.0,Clouds
343,Champerico,GT,14.3,-91.9167,86.0,70,0,4.61,Clear
344,Asau,RO,46.4333,26.4,43.0,63,100,1.07,Clouds
345,Praia,CV,14.9215,-23.5087,77.0,61,20,24.16,Clouds
346,Liwale,TZ,-9.7667,37.9333,64.47,93,16,4.23,Clouds
347,Matara,LK,5.9485,80.5353,79.21,83,85,6.29,Clouds
348,Balkanabat,TM,39.5108,54.3671,78.66,19,98,4.59,Clouds
349,Dunedin,NZ,-45.8742,170.5036,50.67,79,100,5.84,Clouds
350,Mitsamiouli,KM,-11.3847,43.2844,81.03,78,16,10.54,Rain
351,Pangnirtung,CA,66.1451,-65.7125,15.8,73,40,6.91,Clouds
352,Gat,IL,31.61,34.7642,82.99,49,2,1.01,Clear
353,Bubaque,GW,11.2833,-15.8333,77.7,71,81,17.63,Clouds
354,Zhuanghe,CN,39.7008,122.9911,47.14,63,0,7.78,Clear
355,Namanyere,TZ,-7.5167,31.05,59.5,93,100,4.5,Clouds
356,Bilma,NE,18.6853,12.9164,94.82,5,51,8.3,Clouds
357,Flinders,AU,-34.5833,150.8552,53.01,86,7,1.01,Clear
358,Vardo,NO,70.3705,31.1107,39.2,65,0,5.75,Clear
359,Yanam,IN,16.7333,82.2167,80.02,83,21,3.91,Clouds
360,Te Anau,NZ,-45.4167,167.7167,51.39,86,100,7.09,Clouds
361,Yulara,AU,-25.2406,130.9889,55.4,50,0,5.75,Clear
362,Vao,NC,-22.6667,167.4833,75.52,79,76,9.91,Rain
363,Domodossola,IT,46.1165,8.2931,55.99,42,94,7.0,Clouds
364,Merrill,US,45.1805,-89.6835,59.0,26,75,5.75,Clouds
365,Najran,SA,17.4924,44.1277,78.8,19,0,6.91,Clear
366,Manubul,PH,5.4732,120.7986,81.45,78,100,14.12,Clouds
367,Nenjiang,CN,49.1833,125.2167,43.47,60,14,6.02,Clouds
368,Vila Velha,BR,-20.3297,-40.2925,87.8,51,20,13.8,Clouds
369,Wehr,DE,47.6298,7.9042,50.0,57,75,6.91,Clouds
370,Nushki,PK,29.5542,66.0215,78.03,16,96,3.22,Clouds
371,San Lorenzo,PY,-25.3333,-57.5333,86.0,51,20,5.75,Clouds
372,Palauig,PH,15.435,119.9045,79.66,78,95,2.13,Clouds
373,Matay,EG,28.419,30.7792,91.72,11,11,3.83,Clouds
374,Solnechnyy,RU,50.7214,136.6319,36.19,93,98,5.73,Clouds
375,Inverell,AU,-29.7833,151.1167,45.0,97,0,3.11,Clear
376,Houston,US,29.7633,-95.3633,60.8,54,1,12.66,Clear
377,Anadyr,RU,64.75,177.4833,17.6,86,20,4.47,Clouds
378,Xiongzhou,CN,25.1167,114.3,59.95,96,100,2.42,Rain
379,Vwawa,TZ,-9.1167,32.9333,57.94,92,66,4.76,Clouds
380,Vestmannaeyjar,IS,63.4427,-20.2734,37.4,75,75,21.85,Clouds
381,Sorland,NO,67.667,12.6934,46.4,76,0,12.66,Clear
382,Khash,IR,28.2211,61.2158,68.9,20,92,6.31,Clouds
383,Ongandjera,NA,-17.8833,15.0667,78.73,28,4,7.58,Clear
384,Inzer,RU,54.2167,57.5556,38.93,77,49,6.87,Clouds
385,Eresos,GR,39.1667,25.9333,64.4,68,20,2.3,Clouds
386,Bela,IN,25.9333,81.9833,87.08,14,0,8.68,Clear
387,Kashi,CN,39.4547,75.9797,64.4,25,100,11.18,Clouds
388,Nizwa,OM,22.9333,57.5333,83.59,24,100,3.98,Clouds
389,West Plains,US,36.7281,-91.8524,59.0,51,90,5.75,Clouds
390,Fortuna,US,40.5982,-124.1573,63.0,76,20,6.58,Clouds
391,Oranjemund,NA,-28.55,16.4333,70.63,54,37,6.67,Clouds
392,Wanaka,NZ,-44.7,169.15,48.07,90,100,5.95,Rain
393,Banyo,CM,6.75,11.8167,71.49,74,92,2.8,Clouds
394,Takoradi,GH,4.8845,-1.7554,83.3,76,97,13.47,Clouds
395,Hwange,ZW,-18.3693,26.5019,65.52,59,1,2.75,Clear
396,Vostok,RU,46.4856,135.8833,31.87,94,87,4.29,Clouds
397,Kaitangata,NZ,-46.2817,169.8464,57.0,57,73,17.0,Clouds
398,Yerofey Pavlovich,RU,53.9667,121.9667,20.52,59,21,10.07,Clouds
399,Zhigansk,RU,66.7697,123.3711,0.19,99,99,2.13,Clouds
400,Manggar,ID,-2.8833,108.2667,80.62,72,100,1.05,Clouds
401,Merignac,FR,44.8325,-0.6338,60.01,44,0,10.36,Clear
402,Roma,US,43.2128,-75.4557,57.2,58,75,9.22,Clouds
403,Itoman,JP,26.1247,127.6694,64.4,63,75,13.8,Clouds
404,Griffith,US,41.5284,-87.4237,61.0,38,1,5.75,Clear
405,Tazovskiy,RU,67.4667,78.7,-12.77,98,13,9.86,Clouds
406,Bonavista,CA,48.6499,-53.1147,39.2,93,100,4.61,Rain
407,Kushiro,JP,42.975,144.3747,40.62,95,64,5.46,Clouds
408,Krasnyy Chikoy,RU,50.3643,108.7512,27.37,47,72,2.33,Clouds
409,Koslan,RU,63.4564,48.8989,27.86,72,46,2.91,Clouds
410,North Bend,US,43.4065,-124.2243,44.6,100,90,5.97,Mist
411,Urengoy,RU,65.9667,78.3667,-10.77,95,20,11.97,Clouds
412,Tirat Karmel,IL,32.7617,34.9719,78.8,47,0,3.44,Clear
413,Novoseleznevo,RU,55.6821,69.2056,24.62,51,35,14.7,Clouds
414,Abnub,EG,27.2696,31.1511,96.8,21,0,14.97,Clear
415,Okha,RU,53.5739,142.9478,31.17,97,100,14.52,Clouds
416,Chimoio,MZ,-19.1164,33.4833,66.0,82,75,2.59,Clouds
417,Jabinyanah,TN,35.035,10.9081,60.8,59,40,3.44,Clouds
418,Dawson Creek,CA,55.7666,-120.2362,39.2,70,1,4.61,Clear
419,Gigmoto,PH,13.7796,124.39,78.53,92,100,37.47,Rain
420,Texarkana,US,33.4251,-94.0477,60.8,44,75,10.36,Clouds
421,Bud,US,39.447,-86.1758,62.01,33,1,8.05,Clear
422,Lamar,US,33.6668,-95.5836,62.01,58,75,11.5,Clouds
423,Tuatapere,NZ,-46.1333,167.6833,55.0,84,90,5.99,Clouds
424,Debre Birhan,ET,9.6833,39.5333,55.76,63,93,5.1,Clouds
425,Teguldet,RU,57.3064,88.1667,32.94,97,100,10.8,Snow
426,Itarare,BR,-24.1125,-49.3317,75.99,51,75,1.99,Clouds
427,San Quintin,MX,30.4833,-115.95,66.36,62,11,8.97,Clouds
428,Plastun,RU,44.7561,136.2939,38.66,82,71,5.68,Clouds
429,Komsomolskiy,UZ,40.4272,71.7189,57.2,62,66,4.61,Clouds
430,Tsogni,GA,-2.7942,10.0988,78.3,84,100,5.57,Clouds
431,Dumai,ID,1.6833,101.45,73.9,96,100,2.95,Clouds
432,Piacabucu,BR,-10.4056,-36.4344,82.17,68,79,10.31,Clouds
433,Lata,PT,40.1629,-8.3327,69.01,49,20,9.22,Clouds
434,Gushikawa,JP,26.3544,127.8686,62.6,72,90,6.91,Clouds
435,Qianan,CN,44.9932,124.0581,48.6,32,18,6.49,Clouds
436,Addis Abeba,ET,9.025,38.7469,59.09,72,100,2.77,Rain
437,Waitati,NZ,-45.75,170.5667,49.98,80,100,4.05,Clouds
438,Tiznit,MA,29.5833,-9.5,67.73,57,84,7.49,Clouds
439,Moron,AR,-34.6534,-58.6198,73.99,79,41,4.0,Clouds
440,Manitouwadge,CA,49.1215,-85.8403,44.6,52,75,6.91,Clouds
441,Salalah,OM,17.0151,54.0924,82.4,78,0,3.44,Clear
442,Glendora,US,34.1361,-117.8653,80.01,10,1,8.05,Clear
443,Mezen,RU,65.8522,44.24,24.93,79,24,3.85,Clouds
444,Altay,CN,47.8667,88.1167,43.09,46,8,6.82,Clear
445,Zharkent,KZ,44.1628,80.0,62.06,33,100,4.88,Clouds
446,Sola,VU,-13.8833,167.55,82.18,73,72,6.13,Clouds
447,Touros,BR,-5.1989,-35.4608,84.2,70,75,13.8,Clouds
448,Ludhiana,IN,30.9,75.85,77.34,29,3,5.53,Clear
449,Naro Moru,KE,-0.1676,37.0213,57.07,89,89,8.32,Clouds
450,Kashan,IR,33.9831,51.4364,77.09,18,8,6.06,Clear
451,Viedma,AR,-40.8135,-62.9967,73.92,64,97,21.27,Clouds
452,Alyangula,AU,-13.8483,136.4192,75.2,94,80,9.15,Clouds
453,Mocuba,MZ,-16.8392,36.9856,65.3,95,84,3.44,Clouds
454,Fuerte Olimpo,PY,-21.0415,-57.8738,96.91,28,67,2.68,Clouds
455,Ixtapa,MX,20.7,-105.2,78.8,61,20,6.91,Clouds
456,Mount Isa,AU,-20.7333,139.5,69.8,23,0,12.66,Clear
457,Rawson,AR,-43.3002,-65.1023,76.26,31,72,15.26,Clouds
458,Fomboni,KM,-12.28,43.7425,81.63,77,20,14.32,Rain
459,Smithers,CA,54.7804,-127.1743,50.0,43,75,10.36,Clouds
460,Hay River,CA,60.8156,-115.7999,39.2,56,99,11.5,Clouds
461,Puerto Quijarro,BO,-17.7833,-57.7667,85.32,59,42,3.31,Clouds
462,Black River,JM,18.0264,-77.8487,86.0,70,20,24.16,Clouds
463,Kohat,PK,33.582,71.4493,68.0,68,20,4.61,Haze
464,Iracoubo,GF,5.4802,-53.2011,82.13,69,88,11.03,Clouds
465,Barcelos,PT,41.5388,-8.6151,68.0,55,0,5.75,Clear
466,Guangyuan,CN,32.442,105.823,58.15,86,100,1.81,Clouds
467,Tshikapa,CD,-6.4167,20.8,78.12,77,95,3.56,Rain
468,Beira,MZ,-19.8436,34.8389,75.2,69,40,9.08,Clouds
469,Lanzhou,CN,36.0564,103.7922,55.4,33,0,11.18,Clear
470,Hofn,IS,64.2539,-15.2082,42.8,61,40,25.32,Clouds
471,Indianola,US,41.3581,-93.5574,62.01,28,32,9.62,Clouds
472,Cabreuva,BR,-23.3075,-47.1328,82.4,54,40,8.05,Clouds
473,Abonnema,NG,4.7084,6.7931,86.0,70,40,6.91,Clouds
474,Outjo,NA,-20.1167,16.15,68.86,50,90,6.02,Rain
475,Aksha,RU,50.2814,113.2867,25.81,31,6,4.27,Clear
476,Megion,RU,61.0296,76.1136,10.4,61,0,8.95,Clear
477,Port Moresby,PG,-9.4431,147.1797,75.2,94,40,8.05,Clouds
478,Grand Gaube,MU,-20.0064,57.6608,77.0,86,100,5.01,Rain
479,Sechura,PE,-5.5569,-80.8222,80.76,58,26,9.35,Clouds
480,Boda,CF,4.3189,17.4695,76.17,74,93,3.58,Clouds
481,Kodinsk,RU,58.6881,99.1844,21.56,94,100,5.26,Clouds
482,Ilam,NP,26.9167,87.9167,64.15,56,55,4.88,Clouds
483,Sri Aman,MY,1.2376,111.4621,73.4,100,94,2.19,Clouds
484,Rio Gallegos,AR,-51.6226,-69.2181,61.07,50,100,16.78,Clouds
485,Kupang,ID,-10.1667,123.5833,76.51,80,62,7.65,Clouds
486,Hastings,GB,50.8552,0.5729,52.0,71,92,5.75,Clouds
487,Diego De Almagro,CL,-26.3667,-70.05,82.13,20,7,11.77,Clear
488,Beruwala,LK,6.4788,79.9828,80.82,79,42,3.18,Clouds
489,Erenhot,CN,43.6475,111.9767,51.35,17,61,4.63,Clouds
490,Nileshwar,IN,12.25,75.1,76.71,78,100,6.49,Clouds
491,Carlsbad,US,33.1581,-117.3506,80.01,46,1,6.91,Clear
492,Huarmey,PE,-10.0681,-78.1522,73.85,74,50,10.58,Clouds
493,Karatau,KZ,43.1667,70.4667,57.69,49,46,8.32,Clouds
494,Saint-Raymond,CA,45.467,-73.6095,54.0,50,96,3.44,Clouds
495,Fort Nelson,CA,58.8053,-122.7002,35.6,93,20,2.3,Clouds
496,Hereford,GB,52.0568,-2.7148,54.0,58,81,1.01,Clouds
497,Tezu,IN,27.9167,96.1667,69.98,63,47,1.28,Clouds
498,Port Hardy,CA,50.6996,-127.4199,50.0,81,1,8.05,Clear
499,Banda Aceh,ID,5.5577,95.3222,80.96,79,39,10.45,Clouds
500,Bani,DO,18.2833,-70.3333,87.8,62,40,11.5,Clouds
501,Byron Bay,AU,-28.65,153.6167,59.0,82,75,8.05,Clouds
502,Sfantu Gheorghe,RO,45.8667,25.7833,43.0,74,99,4.0,Clouds
503,Perth,AU,-31.9333,115.8333,62.01,82,0,5.75,Clear
504,Bilibino,RU,68.0546,166.4372,15.03,88,77,4.0,Clouds
505,Farrukhnagar,IN,17.0778,78.2011,78.8,61,40,3.44,Clouds
506,Aasiaat,GL,68.7098,-52.8699,14.67,73,95,12.19,Clouds
507,Villazon,BO,-22.0866,-65.5942,59.76,27,3,2.08,Clear
508,Caravelas,BR,-17.7125,-39.2481,82.09,64,55,9.19,Clouds
509,Scarborough,GB,54.2797,-0.4044,50.0,66,39,3.0,Clouds
510,San Jeronimo,PE,-11.9472,-75.2829,64.27,42,77,1.9,Clouds
511,Jiamusi,CN,46.8333,130.35,45.63,48,3,4.61,Clear
512,Mpika,ZM,-11.8343,31.4529,57.34,97,68,5.5,Clouds
513,Nara,JP,34.6851,135.8049,46.0,72,5,4.16,Clear
514,Camopi,GF,3.1655,-52.3158,80.53,84,78,3.91,Clouds
515,Wanning,CN,18.8003,110.3967,75.2,89,44,2.82,Clouds
516,Kargopol,RU,61.5071,38.9456,33.28,71,7,4.97,Clear
517,Fallon,US,39.4735,-118.7774,62.01,14,1,2.64,Clear
518,Vicksburg,US,32.3526,-90.8779,68.0,63,20,4.61,Clouds
519,Kushmurun,KZ,52.4503,64.6311,36.45,56,14,22.41,Clouds
520,Aklavik,CA,68.2191,-135.0107,37.4,52,1,11.5,Clear
521,Demba,CD,-5.51,22.2667,73.78,82,90,3.47,Clouds
522,Sayyan,YE,15.1718,44.3244,63.45,27,47,15.21,Clouds
523,Makakilo City,US,21.3469,-158.0858,72.0,73,1,5.75,Clear
524,Quatre Cocos,MU,-20.2078,57.7625,77.0,100,75,10.36,Rain
525,Thunder Bay,CA,48.4001,-89.3168,51.8,46,90,11.5,Clouds
526,Skjervoy,NO,70.0311,20.9714,44.6,45,0,6.91,Clear
527,Bismarck,US,46.8083,-100.7837,42.8,61,90,20.71,Clouds
528,Phan Thiet,VN,10.9333,108.1,77.31,81,73,2.75,Clouds
529,Uthal,PK,25.8072,66.6219,81.9,60,21,6.8,Clouds
530,Muros,ES,42.7762,-9.0603,64.99,59,100,2.37,Rain
531,Rafaela,AR,-31.2503,-61.4867,84.99,42,61,4.0,Clouds
532,Alofi,NU,-19.0595,-169.9187,68.0,100,69,2.3,Clouds
533,Zhezkazgan,KZ,47.8043,67.7144,55.42,60,80,2.98,Clouds
534,Marovoay,MG,-16.1,46.6333,84.2,61,40,6.91,Clouds
535,La Ronge,CA,55.1001,-105.2842,28.4,50,26,10.36,Clouds
536,Huilong,CN,31.8111,121.655,57.0,60,84,9.42,Clouds
537,Kedougou,SN,12.5579,-12.1743,107.6,21,20,4.61,Clouds
538,Hella,NO,67.2,14.4333,51.8,43,0,8.05,Clear
539,Salur,IN,18.5333,83.2167,83.8,64,54,2.53,Clouds
540,Yzeure,FR,46.5644,3.355,53.6,50,0,5.75,Clear
541,Santa Marta,CO,11.2408,-74.199,91.0,63,100,3.0,Clouds
542,Marawi,PH,7.9986,124.2928,73.99,88,100,5.99,Clouds
543,Imeni Babushkina,RU,59.7573,43.1285,33.31,72,48,6.51,Clouds
544,Suluq,LY,31.6682,20.2521,72.41,46,100,22.88,Clouds
545,Juruti,BR,-2.1522,-56.0922,74.59,96,100,3.42,Clouds
546,Tuscaloosa,US,33.2098,-87.5692,68.0,42,40,8.05,Clouds
547,Aguas Vermelhas,BR,-15.7472,-41.46,88.63,27,17,0.56,Clouds
548,Angoram,PG,-4.0625,144.0661,71.91,96,96,2.35,Clouds
549,La Trinite,MQ,14.7376,-60.9629,86.0,58,75,21.85,Clouds
550,Saint-Joseph,RE,-21.3667,55.6167,75.2,78,90,12.66,Clouds
551,Gotsu,JP,35.0,132.2167,46.71,75,4,8.81,Clear
552,Waw,SS,7.7029,27.9953,88.09,36,95,5.3,Clouds
553,Cedar City,US,37.6775,-113.0619,53.01,21,1,9.22,Clear
554,Burnie,AU,-41.0667,145.9167,52.0,94,95,5.01,Clouds
555,Blairmore,CA,49.6,-114.4353,39.2,70,99,6.91,Clouds
556,Mamallapuram,IN,12.6264,80.1722,84.2,84,20,10.36,Clouds
557,Lufilufi,WS,-13.8745,-171.5986,71.6,100,75,19.62,Rain
558,Puerto Ayacucho,VE,5.6639,-67.6236,93.31,42,97,3.4,Clouds
559,Humberto De Campos,BR,-2.5983,-43.4611,83.77,72,71,7.72,Rain
560,Abu Samrah,SY,35.3029,37.1841,78.35,31,56,3.87,Clouds
561,Hillsborough,US,37.5741,-122.3794,69.01,72,1,4.61,Clear
562,Guatire,VE,10.4762,-66.5427,84.2,70,20,2.3,Clouds
563,Angoche,MZ,-16.2325,39.9086,74.37,71,21,10.69,Clouds
564,Lafiagi,NG,8.8667,5.4167,92.55,43,98,6.2,Clouds
565,Yurga,RU,55.7231,84.8861,35.35,97,100,16.98,Rain
566,Jvari,GE,42.7169,42.052,66.2,59,90,4.61,Rain
567,Mwense,ZM,-10.3845,28.698,68.22,73,74,6.22,Clouds
568,Andenes,NO,69.3143,16.1194,42.8,70,76,11.5,Clouds
569,Tokur,RU,53.1333,132.9,23.63,93,0,2.37,Clear
570,Pochutla,MX,15.7432,-96.4661,90.0,51,90,9.22,Clouds
571,Maragogi,BR,-9.0122,-35.2225,79.99,78,99,6.85,Rain
572,Iquique,CL,-20.2208,-70.1431,69.8,64,0,12.66,Clear
573,Villavicencio,CO,4.142,-73.6266,84.47,66,94,4.63,Clouds
574,Port Blair,IN,11.6667,92.75,81.77,75,38,7.0,Clouds
575,Coahuayana,MX,18.7333,-103.6833,82.4,28,1,7.16,Clear
576,Cabo San Lucas,MX,22.8909,-109.9124,82.0,44,1,3.44,Clear
577,Kachug,RU,53.9606,105.8817,28.27,62,99,2.71,Clouds
578,Sao Luis,BR,-2.5297,-44.3028,84.2,79,75,9.22,Clouds
579,Katsuura,JP,35.1333,140.3,53.01,40,18,5.88,Clouds
580,Ambulu,ID,-8.345,113.6058,74.79,87,97,3.71,Clouds
581,Buraydah,SA,26.326,43.975,84.2,21,0,3.44,Clear
582,Garowe,SO,8.4054,48.4845,78.12,69,6,19.48,Clear
583,Camabatela,AO,-8.1881,15.375,65.41,94,100,3.94,Rain
584,Newport,GB,51.5877,-2.9984,53.6,43,62,8.05,Clouds
585,Qostanay,KZ,53.1667,63.5833,35.6,51,0,20.13,Clear
586,Jumla,NP,29.2747,82.1838,44.82,64,70,3.47,Clouds
587,Asfi,MA,32.2994,-9.2372,66.72,70,38,22.41,Clouds
588,Sheridan,US,44.8333,-106.9173,61.0,29,90,19.57,Clouds
589,Aykhal,RU,66.0,111.5,-8.16,99,86,3.31,Clouds
590,Senanga,ZM,-16.1167,23.2667,68.65,51,5,6.24,Clear
591,Visby,SE,57.6409,18.296,50.0,53,0,8.05,Clear
592,Zhuhai,CN,22.2769,113.5678,73.4,78,40,18.41,Clouds
593,Kurumkan,RU,54.3,110.3,22.33,49,88,1.77,Clouds
594,Mecca,SA,21.4267,39.8261,82.98,37,34,21.99,Clouds
595,Blantyre,MW,-15.785,35.0085,59.05,89,44,6.44,Clouds
596,Jardim,BR,-21.4803,-56.1381,95.41,25,0,4.38,Clear
597,Diveyevo,RU,55.0433,43.2418,45.36,77,100,8.39,Clouds
598,Moose Factory,CA,51.2585,-80.6094,42.8,45,1,10.36,Clear
599,Hovd,MN,48.0056,91.6419,43.74,32,6,9.35,Clear
600,Paamiut,GL,61.994,-49.6678,27.86,47,100,6.85,Clouds
601,Palu,ID,-0.8917,119.8707,75.02,91,99,2.3,Clouds
602,Batemans Bay,AU,-35.7167,150.1833,53.01,87,44,3.0,Clouds
603,Huambo,AO,-12.7761,15.7392,67.28,61,72,3.42,Clouds
604,Deniliquin,AU,-35.5333,144.9667,46.0,86,87,3.47,Clouds
605,Owensboro,US,37.7742,-87.1133,64.4,48,1,5.75,Clear
606,Linda,US,39.1277,-121.5508,75.0,23,1,3.44,Clear
607,Bunda,TZ,-2.05,33.8667,73.4,73,75,3.89,Clouds
608,Grandview,US,38.8858,-94.533,57.99,62,90,9.22,Clouds
609,Srednekolymsk,RU,67.45,153.6833,11.66,81,84,14.03,Clouds
610,Lorengau,PG,-2.0226,147.2712,79.92,82,93,6.76,Clouds
611,Palora,EC,-1.7,-77.9333,78.8,61,75,3.44,Clouds
612,Axim,GH,4.8699,-2.2405,82.67,78,100,11.56,Clouds
613,Paso De Patria,AR,-27.2454,-58.5454,84.99,61,20,9.22,Rain
614,Sierra Vista,US,31.5545,-110.3037,63.0,23,1,11.5,Clear
615,Raudeberg,NO,61.9875,5.1352,53.6,46,2,3.44,Clear
616,Taoudenni,ML,22.6783,-3.9836,93.29,9,0,12.37,Clear
617,Maarianhamina,AX,60.0973,19.9348,51.8,40,0,4.61,Clear
618,Garden City,US,42.3256,-83.331,60.01,29,75,10.36,Clouds
619,Necochea,AR,-38.5473,-58.7368,73.0,76,85,17.0,Rain
620,Kati,ML,12.7441,-8.0726,102.2,17,20,9.22,Clouds
621,Rosarito,MX,32.3333,-117.0333,78.01,43,1,13.04,Clear
622,Gisborne,NZ,-38.6533,178.0042,46.0,93,1,1.99,Clear
623,Calabozo,VE,8.9242,-67.4293,97.07,25,97,9.1,Clouds
624,Bozeman,US,45.6796,-111.0386,59.0,24,1,8.59,Clear
625,Uyemskiy,RU,64.4743,40.8524,37.4,35,0,2.24,Clear
626,Tabou,CI,4.423,-7.3528,82.78,75,78,9.82,Clouds
627,Kolyubakino,RU,55.668,36.5323,46.99,61,0,6.71,Rain
628,Chunhuhub,MX,19.55,-88.6833,94.06,44,98,5.28,Clouds
629,Mudu,CN,31.252,120.5118,50.13,61,85,7.67,Clouds
630,Requena,ES,39.4883,-1.1004,62.01,44,15,3.29,Clouds
631,Lebedinyy,RU,58.5167,125.5167,11.95,95,100,10.51,Snow
632,Ouegoa,NC,-20.35,164.4333,74.95,83,44,8.1,Clouds
633,Waipawa,NZ,-41.4122,175.5153,59.0,72,3,16.11,Clear
634,Svetlyy,RU,54.675,20.1347,51.8,71,0,6.71,Clear
635,Perehonivka,UA,48.5355,30.5192,51.84,65,89,4.32,Clouds
636,Langenzenn,DE,49.5,10.8,50.0,66,75,3.44,Clouds
637,Providencia,MX,28.7167,-111.5833,81.0,31,0,4.0,Clear
638,Sahuaripa,MX,29.05,-109.2333,83.14,12,0,6.24,Clear
639,Tatarsk,RU,55.219,75.9828,22.77,66,99,21.16,Clouds
640,Kudahuvadhoo,MV,2.6708,72.8944,83.57,62,39,8.55,Clouds
641,Haines Junction,CA,60.7522,-137.5108,37.4,48,100,2.46,Clouds
642,Helong,CN,42.5397,128.9972,39.33,60,0,5.95,Clear
643,Corinto,GR,37.9407,22.9573,63.0,50,100,1.01,Clouds
644,Herat,AF,34.5,62.0,66.2,19,0,5.75,Clear
645,Camargo,MX,27.6667,-105.1667,69.15,30,0,7.05,Clear
646,Takayama,JP,36.1333,137.25,50.0,77,89,4.0,Rain
647,Plettenberg Bay,ZA,-34.0527,23.3716,74.93,36,0,5.17,Clear
648,Luwuk,ID,-0.9516,122.7875,75.27,87,100,3.6,Clouds
649,Vikhorevka,RU,56.1201,101.1636,24.8,42,76,4.47,Clouds
650,Auki,SB,-8.7676,160.7034,77.23,88,84,3.2,Clouds
651,Husum,DE,54.4858,9.0524,53.6,58,62,9.22,Clouds
652,Othaya,KE,-0.5652,36.9609,60.01,78,84,5.01,Rain
653,Santa Cruz,BO,-17.8,-63.1667,85.53,56,51,4.07,Clouds
654,Yalutorovsk,RU,56.6536,66.3006,24.12,43,0,13.71,Clear
655,Lavrentiya,RU,65.5833,-171.0,19.62,96,96,2.71,Clouds
656,Vinh,VN,18.6667,105.6667,75.6,92,96,2.3,Clouds
657,Mnogovershinnyy,RU,53.9353,139.9242,27.54,95,96,5.23,Clouds
658,Chingirlau,KZ,51.095,54.0814,52.97,80,98,6.08,Clouds
659,Chernenko,RU,44.365,39.3103,52.61,95,78,3.65,Rain
660,Troitskoye,RU,52.9821,84.6757,49.19,56,100,19.6,Clouds
661,Teyateyaneng,LS,-29.1472,27.7489,54.81,32,0,3.76,Clear
662,Slave Lake,CA,55.2834,-114.769,35.6,75,75,10.36,Clouds
663,Bulaevo,KZ,54.9056,70.4439,24.55,51,8,15.75,Clear
664,Ilheus,BR,-14.7889,-39.0494,82.4,74,40,9.22,Clouds
665,Sao Jose De Ribamar,BR,-2.5619,-44.0542,84.2,79,75,9.22,Clouds
666,Rio Tinto,PT,41.1826,-8.5581,64.99,55,0,5.75,Clear
667,Westport,US,41.1415,-73.3579,59.0,47,1,16.11,Clear
668,Chengde,CN,40.9725,117.9361,52.66,23,67,0.07,Clouds
669,Haradok,BY,55.4624,29.9816,60.8,33,0,13.42,Clear
670,Forestville,US,38.8451,-76.875,66.0,39,1,5.75,Clear
671,Richards Bay,ZA,-28.783,32.0377,70.05,68,0,14.41,Clear
672,Majene,ID,-3.5403,118.9707,76.68,87,100,3.67,Clouds
673,Marzuq,YE,14.4,46.4667,71.58,46,62,6.38,Clouds
674,Cockburn Town,TC,21.4612,-71.1419,82.4,69,1,11.5,Clear
675,Terbuny,RU,52.1389,38.2789,44.58,81,93,5.14,Clouds
676,Vestmanna,FO,62.1564,-7.1664,44.6,76,75,4.61,Clouds
677,Goderich,CA,43.7501,-81.7165,42.8,70,98,11.5,Clouds
678,Kisarawe,TZ,-6.9,39.0667,75.2,88,90,4.61,Rain
679,Klaksvik,FO,62.2266,-6.589,44.6,76,75,4.61,Clouds
680,Tsabong,BW,-26.0217,22.401,74.1,32,12,6.17,Clouds
681,Mercedes,AR,-34.6515,-59.4307,82.0,66,51,5.99,Clouds
682,Chillicothe,US,39.3331,-82.9824,61.0,44,40,6.91,Clouds
683,Siyabuswa,ZA,-25.1132,29.0445,64.98,38,16,5.79,Clouds
684,Beloha,MG,-25.1667,45.05,65.32,62,4,13.62,Clear
685,Chapais,CA,49.7834,-74.8492,48.2,53,90,2.3,Clouds
686,Kaseda,JP,31.4167,130.3167,46.0,81,99,8.01,Clouds
687,Saint-Francois,FR,46.4154,3.9054,51.8,54,0,5.75,Clear
688,Mwinilunga,ZM,-11.7358,24.4293,65.03,76,98,6.64,Clouds
689,Omboue,GA,-1.5746,9.2618,78.08,83,100,6.76,Clouds
690,Sexsmith,CA,55.35,-118.786,39.2,60,20,6.91,Clouds
691,Kirakira,SB,-10.4544,161.9205,79.68,84,68,4.97,Clouds
692,Haifa,IL,32.8156,34.9892,78.8,47,0,3.44,Clear
693,Ketchikan,US,55.3422,-131.6461,48.2,71,1,10.36,Clear
694,Lubango,AO,-14.9172,13.4925,63.1,69,62,2.13,Clouds
695,Singaraja,ID,-8.112,115.0882,78.26,81,58,4.38,Clouds
696,Mogok,MM,22.9167,96.5,68.5,43,27,2.13,Clouds
697,Yinchuan,CN,38.4681,106.2731,60.01,20,98,6.02,Clouds
698,Akdepe,TM,42.0551,59.3788,69.8,32,0,6.91,Clear
699,Hoi An,VN,15.8794,108.335,78.8,83,20,2.3,Clouds
700,Verkhnyaya Toyma,RU,62.2349,44.9985,31.5,70,22,4.85,Clouds
701,Beringovskiy,RU,63.05,179.3167,26.15,98,100,4.16,Clouds
702,Tilichiki,RU,60.4667,166.1,17.92,91,100,1.59,Clouds
703,Ilanskiy,RU,56.2358,96.065,28.27,87,81,7.7,Clouds
704,Buckeye,US,33.3703,-112.5838,79.0,16,1,11.5,Clear
705,Quimper,FR,48.0,-4.1,55.4,58,0,10.36,Clear
706,Margate,GB,51.3813,1.3862,48.99,70,93,1.01,Clouds
707,Amboasary,MG,-25.0333,46.3833,69.8,78,75,4.61,Clouds
708,Kousseri,CM,12.0769,15.0306,104.0,5,100,2.3,Clouds
709,Chitapur,IN,17.1167,77.0833,95.56,19,92,5.23,Clouds
710,Impfondo,CG,1.6381,18.0667,71.13,95,99,4.09,Rain
711,Palana,RU,59.1167,159.9667,26.17,90,99,7.31,Clouds
712,Lasem,ID,-6.6922,111.4527,77.07,81,81,3.74,Clouds
713,Kununurra,AU,-15.7667,128.7333,62.6,88,99,3.44,Clouds
